-454,-6.4580000000000002
-453,-6.4569999999999999
-452,-6.4569999999999999
-451,-6.4560000000000004
-450,-6.4560000000000004
-449,-6.4550000000000001
-448,-6.4539999999999997
-447,-6.4539999999999997
-446,-6.4530000000000003
-445,-6.452
-444,-6.4509999999999996
-443,-6.4500000000000002
-442,-6.4489999999999998
-441,-6.4480000000000004
-440,-6.4459999999999997
-439,-6.4450000000000003
-438,-6.444
-437,-6.4429999999999996
-436,-6.4409999999999998
-435,-6.4400000000000004
-434,-6.4379999999999997
-433,-6.4359999999999999
-432,-6.4349999999999996
-431,-6.4329999999999998
-430,-6.431
-429,-6.4290000000000003
-428,-6.4269999999999996
-427,-6.4249999999999998
-426,-6.423
-425,-6.4210000000000003
-424,-6.4189999999999996
-423,-6.4160000000000004
-422,-6.4139999999999997
-421,-6.4109999999999996
-420,-6.4089999999999998
-419,-6.4059999999999997
-418,-6.4039999999999999
-417,-6.4009999999999998
-416,-6.3979999999999997
-415,-6.3949999999999996
-414,-6.3920000000000003
-413,-6.3890000000000002
-412,-6.3860000000000001
-411,-6.383
-410,-6.3799999999999999
-409,-6.3769999999999998
-408,-6.3730000000000002
-407,-6.3700000000000001
-406,-6.3659999999999997
-405,-6.3630000000000004
-404,-6.359
-403,-6.3550000000000004
-402,-6.3520000000000003
-401,-6.3479999999999999
-400,-6.3440000000000003
-399,-6.3399999999999999
-398,-6.3360000000000003
-397,-6.3319999999999999
-396,-6.3280000000000003
-395,-6.3230000000000004
-394,-6.319
-393,-6.3150000000000004
-392,-6.3099999999999996
-391,-6.306
-390,-6.3010000000000002
-389,-6.2960000000000003
-388,-6.2919999999999998
-387,-6.2869999999999999
-386,-6.282
-385,-6.2770000000000001
-384,-6.2720000000000002
-383,-6.2670000000000003
-382,-6.2619999999999996
-381,-6.2569999999999997
-380,-6.2510000000000003
-379,-6.2460000000000004
-378,-6.2409999999999997
-377,-6.2350000000000003
-376,-6.2300000000000004
-375,-6.2240000000000002
-374,-6.218
-373,-6.2130000000000001
-372,-6.2069999999999999
-371,-6.2009999999999996
-370,-6.1950000000000003
-369,-6.1890000000000001
-368,-6.1829999999999998
-367,-6.1769999999999996
-366,-6.1710000000000003
-365,-6.165
-364,-6.1580000000000004
-363,-6.1520000000000001
-362,-6.1459999999999999
-361,-6.1390000000000002
-360,-6.133
-359,-6.1260000000000003
-358,-6.1189999999999998
-357,-6.1130000000000004
-356,-6.1059999999999999
-355,-6.0990000000000002
-354,-6.0919999999999996
-353,-6.085
-352,-6.0780000000000003
-351,-6.0709999999999997
-350,-6.0640000000000001
-349,-6.0570000000000004
-348,-6.0490000000000004
-347,-6.0419999999999998
-346,-6.0350000000000001
-345,-6.0270000000000001
-344,-6.0199999999999996
-343,-6.0119999999999996
-342,-6.0039999999999996
-341,-5.9969999999999999
-340,-5.9889999999999999
-339,-5.9809999999999999
-338,-5.9729999999999999
-337,-5.9649999999999999
-336,-5.9569999999999999
-335,-5.9489999999999998
-334,-5.9409999999999998
-333,-5.9329999999999998
-332,-5.9249999999999998
-331,-5.9169999999999998
-330,-5.9080000000000004
-329,-5.9000000000000004
-328,-5.891
-327,-5.883
-326,-5.8739999999999997
-325,-5.8659999999999997
-324,-5.8570000000000002
-323,-5.8479999999999999
-322,-5.8399999999999999
-321,-5.8310000000000004
-320,-5.8220000000000001
-319,-5.8129999999999997
-318,-5.8040000000000003
-317,-5.7949999999999999
-316,-5.7859999999999996
-315,-5.7759999999999998
-314,-5.7670000000000003
-313,-5.758
-312,-5.7489999999999997
-311,-5.7389999999999999
-310,-5.7300000000000004
-309,-5.7199999999999998
-308,-5.7110000000000003
-307,-5.7009999999999996
-306,-5.6909999999999998
-305,-5.6820000000000004
-304,-5.6719999999999997
-303,-5.6619999999999999
-302,-5.6520000000000001
-301,-5.6420000000000003
-300,-5.6319999999999997
-299,-5.6219999999999999
-298,-5.6120000000000001
-297,-5.6020000000000003
-296,-5.5919999999999996
-295,-5.5810000000000004
-294,-5.5709999999999997
-293,-5.5609999999999999
-292,-5.5499999999999998
-291,-5.54
-290,-5.5289999999999999
-289,-5.5190000000000001
-288,-5.508
-287,-5.4969999999999999
-286,-5.4870000000000001
-285,-5.476
-284,-5.4649999999999999
-283,-5.4539999999999997
-282,-5.4429999999999996
-281,-5.4320000000000004
-280,-5.4210000000000003
-279,-5.4100000000000001
-278,-5.399
-277,-5.3879999999999999
-276,-5.3769999999999998
-275,-5.3650000000000002
-274,-5.3540000000000001
-273,-5.343
-272,-5.3310000000000004
-271,-5.3200000000000003
-270,-5.3079999999999998
-269,-5.2960000000000003
-268,-5.2850000000000001
-267,-5.2729999999999997
-266,-5.2610000000000001
-265,-5.25
-264,-5.2380000000000004
-263,-5.226
-262,-5.2140000000000004
-261,-5.202
-260,-5.1900000000000004
-259,-5.1779999999999999
-258,-5.1660000000000004
-257,-5.1529999999999996
-256,-5.141
-255,-5.1289999999999996
-254,-5.117
-253,-5.1040000000000001
-252,-5.0919999999999996
-251,-5.0789999999999997
-250,-5.0670000000000002
-249,-5.0540000000000003
-248,-5.0419999999999998
-247,-5.0289999999999999
-246,-5.016
-245,-5.0030000000000001
-244,-4.9909999999999997
-243,-4.9779999999999998
-242,-4.9649999999999999
-241,-4.952
-240,-4.9390000000000001
-239,-4.9260000000000002
-238,-4.9130000000000003
-237,-4.9000000000000004
-236,-4.8860000000000001
-235,-4.8730000000000002
-234,-4.8600000000000003
-233,-4.8470000000000004
-232,-4.8330000000000002
-231,-4.8200000000000003
-230,-4.806
-229,-4.7930000000000001
-228,-4.7789999999999999
-227,-4.766
-226,-4.7519999999999998
-225,-4.7380000000000004
-224,-4.7240000000000002
-223,-4.7110000000000003
-222,-4.6970000000000001
-221,-4.6829999999999998
-220,-4.6689999999999996
-219,-4.6550000000000002
-218,-4.641
-217,-4.6269999999999998
-216,-4.6130000000000004
-215,-4.5990000000000002
-214,-4.5839999999999996
-213,-4.5700000000000003
-212,-4.556
-211,-4.5419999999999998
-210,-4.5270000000000001
-209,-4.5129999999999999
-208,-4.4980000000000002
-207,-4.484
-206,-4.4690000000000003
-205,-4.4550000000000001
-204,-4.4400000000000004
-203,-4.4249999999999998
-202,-4.4109999999999996
-201,-4.3959999999999999
-200,-4.3810000000000002
-199,-4.3659999999999997
-198,-4.351
-197,-4.3360000000000003
-196,-4.3209999999999997
-195,-4.306
-194,-4.2910000000000004
-193,-4.2759999999999998
-192,-4.2610000000000001
-191,-4.2460000000000004
-190,-4.2309999999999999
-189,-4.2149999999999999
-188,-4.2000000000000002
-187,-4.1849999999999996
-186,-4.1689999999999996
-185,-4.1539999999999999
-184,-4.1379999999999999
-183,-4.1230000000000002
-182,-4.1070000000000002
-181,-4.0910000000000002
-180,-4.0759999999999996
-179,-4.0599999999999996
-178,-4.0439999999999996
-177,-4.0289999999999999
-176,-4.0129999999999999
-175,-3.9969999999999999
-174,-3.9809999999999999
-173,-3.9649999999999999
-172,-3.9489999999999998
-171,-3.9329999999999998
-170,-3.9169999999999998
-169,-3.9009999999999998
-168,-3.8849999999999998
-167,-3.8690000000000002
-166,-3.8519999999999999
-165,-3.8359999999999999
-164,-3.8199999999999998
-163,-3.8029999999999999
-162,-3.7869999999999999
-161,-3.7709999999999999
-160,-3.754
-159,-3.738
-158,-3.7210000000000001
-157,-3.7050000000000001
-156,-3.6880000000000002
-155,-3.6709999999999998
-154,-3.6549999999999998
-153,-3.6379999999999999
-152,-3.621
-151,-3.6040000000000001
-150,-3.5870000000000002
-149,-3.5710000000000002
-148,-3.5539999999999998
-147,-3.5369999999999999
-146,-3.52
-145,-3.5030000000000001
-144,-3.4860000000000002
-143,-3.468
-142,-3.4510000000000001
-141,-3.4340000000000002
-140,-3.4169999999999998
-139,-3.3999999999999999
-138,-3.3820000000000001
-137,-3.3650000000000002
-136,-3.3479999999999999
-135,-3.3300000000000001
-134,-3.3130000000000002
-133,-3.2949999999999999
-132,-3.278
-131,-3.2599999999999998
-130,-3.2429999999999999
-129,-3.2250000000000001
-128,-3.2069999999999999
-127,-3.1899999999999999
-126,-3.1720000000000002
-125,-3.1539999999999999
-124,-3.1360000000000001
-123,-3.1190000000000002
-122,-3.101
-121,-3.0830000000000002
-120,-3.0649999999999999
-119,-3.0470000000000002
-118,-3.0289999999999999
-117,-3.0110000000000001
-116,-2.9929999999999999
-115,-2.9750000000000001
-114,-2.9569999999999999
-113,-2.9380000000000002
-112,-2.9199999999999999
-111,-2.9020000000000001
-110,-2.8839999999999999
-109,-2.8650000000000002
-108,-2.847
-107,-2.8290000000000002
-106,-2.8100000000000001
-105,-2.7919999999999998
-104,-2.7730000000000001
-103,-2.7549999999999999
-102,-2.7360000000000002
-101,-2.718
-100,-2.6989999999999998
-99,-2.6800000000000002
-98,-2.6619999999999999
-97,-2.6429999999999998
-96,-2.6240000000000001
-95,-2.605
-94,-2.5870000000000002
-93,-2.5680000000000001
-92,-2.5489999999999999
-91,-2.5299999999999998
-90,-2.5110000000000001
-89,-2.492
-88,-2.4729999999999999
-87,-2.4540000000000002
-86,-2.4350000000000001
-85,-2.4159999999999999
-84,-2.3969999999999998
-83,-2.3780000000000001
-82,-2.359
-81,-2.339
-80,-2.3199999999999998
-79,-2.3010000000000002
-78,-2.282
-77,-2.262
-76,-2.2429999999999999
-75,-2.2229999999999999
-74,-2.2040000000000002
-73,-2.1850000000000001
-72,-2.165
-71,-2.1459999999999999
-70,-2.1259999999999999
-69,-2.1059999999999999
-68,-2.0870000000000002
-67,-2.0670000000000002
-66,-2.048
-65,-2.028
-64,-2.008
-63,-1.988
-62,-1.9690000000000001
-61,-1.9490000000000001
-60,-1.929
-59,-1.909
-58,-1.889
-57,-1.869
-56,-1.8500000000000001
-55,-1.8300000000000001
-54,-1.8100000000000001
-53,-1.79
-52,-1.77
-51,-1.7490000000000001
-50,-1.7290000000000001
-49,-1.7090000000000001
-48,-1.6890000000000001
-47,-1.669
-46,-1.649
-45,-1.6279999999999999
-44,-1.6080000000000001
-43,-1.5880000000000001
-42,-1.5680000000000001
-41,-1.5469999999999999
-40,-1.5269999999999999
-39,-1.5069999999999999
-38,-1.486
-37,-1.466
-36,-1.4450000000000001
-35,-1.425
-34,-1.4039999999999999
-33,-1.3839999999999999
-32,-1.363
-31,-1.343
-30,-1.3220000000000001
-29,-1.3009999999999999
-28,-1.2809999999999999
-27,-1.26
-26,-1.2390000000000001
-25,-1.218
-24,-1.198
-23,-1.177
-22,-1.1559999999999999
-21,-1.135
-20,-1.1140000000000001
-19,-1.0940000000000001
-18,-1.073
-17,-1.052
-16,-1.0309999999999999
-15,-1.01
-14,-0.98899999999999999
-13,-0.96799999999999997
-12,-0.94699999999999995
-11,-0.92600000000000005
-10,-0.90500000000000003
-9,-0.88300000000000001
-8,-0.86199999999999999
-7,-0.84099999999999997
-6,-0.81999999999999995
-5,-0.79900000000000004
-4,-0.77800000000000002
-3,-0.75600000000000001
-2,-0.73499999999999999
-1,-0.71399999999999997
0,-0.69199999999999995
1,-0.67100000000000004
2,-0.65000000000000002
3,-0.628
4,-0.60699999999999998
5,-0.58599999999999997
6,-0.56399999999999995
7,-0.54300000000000004
8,-0.52100000000000002
9,-0.5
10,-0.47799999999999998
11,-0.45700000000000002
12,-0.435
13,-0.41299999999999998
14,-0.39200000000000002
15,-0.37
16,-0.34899999999999998
17,-0.32700000000000001
18,-0.30499999999999999
19,-0.28399999999999997
20,-0.26200000000000001
21,-0.23999999999999999
22,-0.218
23,-0.19700000000000001
24,-0.17499999999999999
25,-0.153
26,-0.13100000000000001
27,-0.109
28,-0.087999999999999995
29,-0.066000000000000003
30,-0.043999999999999997
31,-0.021999999999999999
32,0
33,0.021999999999999999
34,0.043999999999999997
35,0.066000000000000003
36,0.087999999999999995
37,0.11
38,0.13200000000000001
39,0.154
40,0.17599999999999999
41,0.19800000000000001
42,0.22
43,0.24199999999999999
44,0.26400000000000001
45,0.28599999999999998
46,0.308
47,0.33000000000000002
48,0.35299999999999998
49,0.375
50,0.39700000000000002
51,0.41899999999999998
52,0.441
53,0.46300000000000002
54,0.48599999999999999
55,0.50800000000000001
56,0.53000000000000003
57,0.55200000000000005
58,0.57499999999999996
59,0.59699999999999998
60,0.61899999999999999
61,0.64200000000000002
62,0.66400000000000003
63,0.68600000000000005
64,0.70899999999999996
65,0.73099999999999998
66,0.753
67,0.77600000000000002
68,0.79800000000000004
69,0.82099999999999995
70,0.84299999999999997
71,0.86499999999999999
72,0.88800000000000001
73,0.91000000000000003
74,0.93300000000000005
75,0.95499999999999996
76,0.97799999999999998
77,1
78,1.0229999999999999
79,1.0449999999999999
80,1.0680000000000001
81,1.0900000000000001
82,1.113
83,1.1359999999999999
84,1.1579999999999999
85,1.181
86,1.2030000000000001
87,1.226
88,1.2490000000000001
89,1.2709999999999999
90,1.294
91,1.3160000000000001
92,1.339
93,1.3620000000000001
94,1.3839999999999999
95,1.407
96,1.4299999999999999
97,1.4530000000000001
98,1.4750000000000001
99,1.498
100,1.5209999999999999
101,1.5429999999999999
102,1.5660000000000001
103,1.589
104,1.6120000000000001
105,1.635
106,1.657
107,1.6799999999999999
108,1.7030000000000001
109,1.726
110,1.7490000000000001
111,1.7709999999999999
112,1.794
113,1.8169999999999999
114,1.8400000000000001
115,1.863
116,1.8859999999999999
117,1.909
118,1.931
119,1.954
120,1.9770000000000001
121,2
122,2.0230000000000001
123,2.0459999999999998
124,2.069
125,2.0920000000000001
126,2.1150000000000002
127,2.1379999999999999
128,2.161
129,2.1840000000000002
130,2.2069999999999999
131,2.23
132,2.2530000000000001
133,2.2759999999999998
134,2.298
135,2.3210000000000002
136,2.3439999999999999
137,2.367
138,2.3900000000000001
139,2.4129999999999998
140,2.4359999999999999
141,2.4590000000000001
142,2.4830000000000001
143,2.5059999999999998
144,2.5289999999999999
145,2.552
146,2.5750000000000002
147,2.5979999999999999
148,2.621
149,2.6440000000000001
150,2.6669999999999998
151,2.6899999999999999
152,2.7130000000000001
153,2.7360000000000002
154,2.7589999999999999
155,2.782
156,2.8050000000000002
157,2.8279999999999998
158,2.851
159,2.8740000000000001
160,2.8969999999999998
161,2.9199999999999999
162,2.944
163,2.9670000000000001
164,2.9900000000000002
165,3.0129999999999999
166,3.036
167,3.0590000000000002
168,3.0819999999999999
169,3.105
170,3.1280000000000001
171,3.1509999999999998
172,3.1739999999999999
173,3.1970000000000001
174,3.2200000000000002
175,3.2440000000000002
176,3.2669999999999999
177,3.29
178,3.3130000000000002
179,3.3359999999999999
180,3.359
181,3.3820000000000001
182,3.4049999999999998
183,3.4279999999999999
184,3.4510000000000001
185,3.4740000000000002
186,3.4969999999999999
187,3.52
188,3.544
189,3.5670000000000002
190,3.5899999999999999
191,3.613
192,3.6360000000000001
193,3.6589999999999998
194,3.6819999999999999
195,3.7050000000000001
196,3.7280000000000002
197,3.7509999999999999
198,3.774
199,3.7970000000000002
200,3.8199999999999998
201,3.843
202,3.8660000000000001
203,3.8889999999999998
204,3.9119999999999999
205,3.9350000000000001
206,3.9580000000000002
207,3.9809999999999999
208,4.0039999999999996
209,4.0270000000000001
210,4.0499999999999998
211,4.0730000000000004
212,4.0960000000000001
213,4.1189999999999998
214,4.1420000000000003
215,4.165
216,4.1879999999999997
217,4.2110000000000003
218,4.234
219,4.2569999999999997
220,4.2800000000000002
221,4.3029999999999999
222,4.3259999999999996
223,4.3490000000000002
224,4.3719999999999999
225,4.3949999999999996
226,4.4169999999999998
227,4.4400000000000004
228,4.4630000000000001
229,4.4859999999999998
230,4.5090000000000003
231,4.532
232,4.5549999999999997
233,4.5780000000000003
234,4.601
235,4.6230000000000002
236,4.6459999999999999
237,4.6689999999999996
238,4.6920000000000002
239,4.7149999999999999
240,4.7380000000000004
241,4.7599999999999998
242,4.7830000000000004
243,4.806
244,4.8289999999999997
245,4.8520000000000003
246,4.8739999999999997
247,4.8970000000000002
248,4.9199999999999999
249,4.9429999999999996
250,4.9649999999999999
251,4.9880000000000004
252,5.0110000000000001
253,5.0339999999999998
254,5.056
255,5.0789999999999997
256,5.1020000000000003
257,5.1239999999999997
258,5.1470000000000002
259,5.1699999999999999
260,5.1920000000000002
261,5.2149999999999999
262,5.2380000000000004
263,5.2599999999999998
264,5.2830000000000004
265,5.306
266,5.3280000000000003
267,5.351
268,5.3739999999999997
269,5.3959999999999999
270,5.4189999999999996
271,5.4409999999999998
272,5.4640000000000004
273,5.4870000000000001
274,5.5090000000000003
275,5.532
276,5.5540000000000003
277,5.577
278,5.5990000000000002
279,5.6219999999999999
280,5.6440000000000001
281,5.6669999999999998
282,5.6900000000000004
283,5.7119999999999997
284,5.7350000000000003
285,5.7569999999999997
286,5.7789999999999999
287,5.8019999999999996
288,5.8239999999999998
289,5.8470000000000004
290,5.8689999999999998
291,5.8920000000000003
292,5.9139999999999997
293,5.9370000000000003
294,5.9589999999999996
295,5.9820000000000002
296,6.0039999999999996
297,6.0259999999999998
298,6.0490000000000004
299,6.0709999999999997
300,6.0940000000000003
301,6.1159999999999997
302,6.1379999999999999
303,6.1609999999999996
304,6.1829999999999998
305,6.2050000000000001
306,6.2279999999999998
307,6.25
308,6.2720000000000002
309,6.2949999999999999
310,6.3170000000000002
311,6.3390000000000004
312,6.3620000000000001
313,6.3840000000000003
314,6.4059999999999997
315,6.4290000000000003
316,6.4509999999999996
317,6.4729999999999999
318,6.4960000000000004
319,6.5179999999999998
320,6.54
321,6.5620000000000003
322,6.585
323,6.6070000000000002
324,6.6289999999999996
325,6.6520000000000001
326,6.6740000000000004
327,6.6959999999999997
328,6.718
329,6.7409999999999997
330,6.7629999999999999
331,6.7850000000000001
332,6.8070000000000004
333,6.8289999999999997
334,6.8520000000000003
335,6.8739999999999997
336,6.8959999999999999
337,6.9180000000000001
338,6.9409999999999998
339,6.9630000000000001
340,6.9850000000000003
341,7.0069999999999997
342,7.0289999999999999
343,7.0519999999999996
344,7.0739999999999998
345,7.0960000000000001
346,7.1180000000000003
347,7.1399999999999997
348,7.1630000000000003
349,7.1849999999999996
350,7.2069999999999999
351,7.2290000000000001
352,7.2510000000000003
353,7.2729999999999997
354,7.2960000000000003
355,7.3179999999999996
356,7.3399999999999999
357,7.3620000000000001
358,7.3840000000000003
359,7.407
360,7.4290000000000003
361,7.4509999999999996
362,7.4729999999999999
363,7.4950000000000001
364,7.5170000000000003
365,7.54
366,7.5620000000000003
367,7.5839999999999996
368,7.6059999999999999
369,7.6280000000000001
370,7.6500000000000004
371,7.673
372,7.6950000000000003
373,7.7169999999999996
374,7.7389999999999999
375,7.7610000000000001
376,7.7830000000000004
377,7.806
378,7.8280000000000003
379,7.8499999999999996
380,7.8719999999999999
381,7.8940000000000001
382,7.9169999999999998
383,7.9390000000000001
384,7.9610000000000003
385,7.9829999999999997
386,8.0050000000000008
387,8.0269999999999992
388,8.0500000000000007
389,8.0719999999999992
390,8.0939999999999994
391,8.1159999999999997
392,8.1379999999999999
393,8.1609999999999996
394,8.1829999999999998
395,8.2050000000000001
396,8.2270000000000003
397,8.25
398,8.2720000000000002
399,8.2940000000000005
400,8.3160000000000007
401,8.3379999999999992
402,8.3610000000000007
403,8.3829999999999991
404,8.4049999999999994
405,8.4269999999999996
406,8.4499999999999993
407,8.4719999999999995
408,8.4939999999999998
409,8.516
410,8.5389999999999997
411,8.5609999999999999
412,8.5830000000000002
413,8.6050000000000004
414,8.6280000000000001
415,8.6500000000000004
416,8.6720000000000006
417,8.6940000000000008
418,8.7170000000000005
419,8.7390000000000008
420,8.7609999999999992
421,8.7840000000000007
422,8.8059999999999992
423,8.8279999999999994
424,8.8510000000000009
425,8.8729999999999993
426,8.8949999999999996
427,8.9179999999999993
428,8.9399999999999995
429,8.9619999999999997
430,8.9849999999999994
431,9.0069999999999997
432,9.0289999999999999
433,9.0519999999999996
434,9.0739999999999998
435,9.0960000000000001
436,9.1189999999999998
437,9.141
438,9.1630000000000003
439,9.1859999999999999
440,9.2080000000000002
441,9.2309999999999999
442,9.2530000000000001
443,9.2750000000000004
444,9.298
445,9.3200000000000003
446,9.343
447,9.3650000000000002
448,9.3879999999999999
449,9.4100000000000001
450,9.4320000000000004
451,9.4550000000000001
452,9.4770000000000003
453,9.5
454,9.5220000000000002
455,9.5449999999999999
456,9.5670000000000002
457,9.5899999999999999
458,9.6120000000000001
459,9.6349999999999998
460,9.657
461,9.6799999999999997
462,9.702
463,9.7249999999999996
464,9.7469999999999999
465,9.7699999999999996
466,9.7919999999999998
467,9.8149999999999995
468,9.8369999999999997
469,9.8599999999999994
470,9.8819999999999997
471,9.9049999999999994
472,9.9269999999999996
473,9.9499999999999993
474,9.9730000000000008
475,9.9949999999999992
476,10.018000000000001
477,10.039999999999999
478,10.063000000000001
479,10.086
480,10.108000000000001
481,10.131
482,10.153
483,10.176
484,10.199
485,10.221
486,10.244
487,10.266999999999999
488,10.289
489,10.311999999999999
490,10.334
491,10.356999999999999
492,10.380000000000001
493,10.401999999999999
494,10.425000000000001
495,10.448
496,10.471
497,10.493
498,10.516
499,10.539
500,10.561
501,10.584
502,10.606999999999999
503,10.629
504,10.651999999999999
505,10.675000000000001
506,10.698
507,10.720000000000001
508,10.743
509,10.766
510,10.789
511,10.811
512,10.834
513,10.856999999999999
514,10.880000000000001
515,10.903
516,10.925000000000001
517,10.948
518,10.971
519,10.994
520,11.016999999999999
521,11.039
522,11.061999999999999
523,11.085000000000001
524,11.108000000000001
525,11.131
526,11.154
527,11.176
528,11.199
529,11.222
530,11.244999999999999
531,11.268000000000001
532,11.291
533,11.313000000000001
534,11.336
535,11.359
536,11.382
537,11.404999999999999
538,11.428000000000001
539,11.451000000000001
540,11.474
541,11.497
542,11.519
543,11.542
544,11.565
545,11.587999999999999
546,11.611000000000001
547,11.634
548,11.657
549,11.68
550,11.702999999999999
551,11.726000000000001
552,11.749000000000001
553,11.772
554,11.795
555,11.818
556,11.840999999999999
557,11.864000000000001
558,11.887
559,11.91
560,11.933
561,11.956
562,11.978
563,12.000999999999999
564,12.023999999999999
565,12.047000000000001
566,12.07
567,12.093
568,12.116
569,12.140000000000001
570,12.163
571,12.186
572,12.209
573,12.231999999999999
574,12.255000000000001
575,12.278
576,12.301
577,12.324
578,12.347
579,12.369999999999999
580,12.393000000000001
581,12.416
582,12.439
583,12.462
584,12.484999999999999
585,12.507999999999999
586,12.531000000000001
587,12.554
588,12.577
589,12.6
590,12.624000000000001
591,12.647
592,12.67
593,12.693
594,12.715999999999999
595,12.739000000000001
596,12.762
597,12.785
598,12.808
599,12.831
600,12.855
601,12.878
602,12.901
603,12.923999999999999
604,12.946999999999999
605,12.970000000000001
606,12.993
607,13.016
608,13.039999999999999
609,13.063000000000001
610,13.086
611,13.109
612,13.132
613,13.154999999999999
614,13.179
615,13.202
616,13.225
617,13.247999999999999
618,13.271000000000001
619,13.294
620,13.318
621,13.340999999999999
622,13.364000000000001
623,13.387
624,13.41
625,13.433
626,13.457000000000001
627,13.48
628,13.503
629,13.526
630,13.548999999999999
631,13.573
632,13.596
633,13.619
634,13.641999999999999
635,13.664999999999999
636,13.689
637,13.712
638,13.734999999999999
639,13.757999999999999
640,13.782
641,13.805
642,13.827999999999999
643,13.851000000000001
644,13.874000000000001
645,13.898
646,13.920999999999999
647,13.944000000000001
648,13.967000000000001
649,13.991
650,14.013999999999999
651,14.037000000000001
652,14.06
653,14.084
654,14.106999999999999
655,14.130000000000001
656,14.154
657,14.177
658,14.199999999999999
659,14.223000000000001
660,14.247
661,14.27
662,14.292999999999999
663,14.316000000000001
664,14.34
665,14.363
666,14.385999999999999
667,14.41
668,14.433
669,14.456
670,14.478999999999999
671,14.503
672,14.526
673,14.548999999999999
674,14.573
675,14.596
676,14.619
677,14.643000000000001
678,14.666
679,14.689
680,14.712999999999999
681,14.736000000000001
682,14.759
683,14.782999999999999
684,14.805999999999999
685,14.829000000000001
686,14.853
687,14.875999999999999
688,14.898999999999999
689,14.923
690,14.946
691,14.968999999999999
692,14.993
693,15.016
694,15.039
695,15.063000000000001
696,15.086
697,15.109
698,15.132999999999999
699,15.156000000000001
700,15.179
701,15.202999999999999
702,15.226000000000001
703,15.25
704,15.273
705,15.295999999999999
706,15.32
707,15.343
708,15.366
709,15.390000000000001
710,15.413
711,15.436999999999999
712,15.460000000000001
713,15.483000000000001
714,15.507
715,15.529999999999999
716,15.554
717,15.577
718,15.6
719,15.624000000000001
720,15.647
721,15.670999999999999
722,15.694000000000001
723,15.717000000000001
724,15.741
725,15.763999999999999
726,15.788
727,15.811
728,15.834
729,15.858000000000001
730,15.881
731,15.904999999999999
732,15.928000000000001
733,15.952
734,15.975
735,15.997999999999999
736,16.021999999999998
737,16.045000000000002
738,16.068999999999999
739,16.091999999999999
740,16.116
741,16.138999999999999
742,16.163
743,16.186
744,16.209
745,16.233000000000001
746,16.256
747,16.280000000000001
748,16.303000000000001
749,16.327000000000002
750,16.350000000000001
751,16.373999999999999
752,16.396999999999998
753,16.420999999999999
754,16.443999999999999
755,16.468
756,16.491
757,16.513999999999999
758,16.538
759,16.561
760,16.585000000000001
761,16.608000000000001
762,16.632000000000001
763,16.655000000000001
764,16.678999999999998
765,16.702000000000002
766,16.725999999999999
767,16.748999999999999
768,16.773
769,16.795999999999999
770,16.82
771,16.843
772,16.867000000000001
773,16.890000000000001
774,16.914000000000001
775,16.937000000000001
776,16.960999999999999
777,16.984000000000002
778,17.007999999999999
779,17.030999999999999
780,17.055
781,17.077999999999999
782,17.102
783,17.125
784,17.149000000000001
785,17.172999999999998
786,17.196000000000002
787,17.219999999999999
788,17.242999999999999
789,17.266999999999999
790,17.289999999999999
791,17.314
792,17.337
793,17.361000000000001
794,17.384
795,17.408000000000001
796,17.431000000000001
797,17.454999999999998
798,17.478000000000002
799,17.501999999999999
800,17.526
801,17.548999999999999
802,17.573
803,17.596
804,17.620000000000001
805,17.643000000000001
806,17.667000000000002
807,17.690000000000001
808,17.713999999999999
809,17.738
810,17.760999999999999
811,17.785
812,17.808
813,17.832000000000001
814,17.855
815,17.879000000000001
816,17.902000000000001
817,17.925999999999998
818,17.949999999999999
819,17.972999999999999
820,17.997
821,18.02
822,18.044
823,18.068000000000001
824,18.091000000000001
825,18.114999999999998
826,18.138000000000002
827,18.161999999999999
828,18.184999999999999
829,18.209
830,18.233000000000001
831,18.256
832,18.280000000000001
833,18.303000000000001
834,18.327000000000002
835,18.350999999999999
836,18.373999999999999
837,18.398
838,18.420999999999999
839,18.445
840,18.469000000000001
841,18.492000000000001
842,18.515999999999998
843,18.539000000000001
844,18.562999999999999
845,18.587
846,18.609999999999999
847,18.634
848,18.657
849,18.681000000000001
850,18.704999999999998
851,18.728000000000002
852,18.751999999999999
853,18.776
854,18.798999999999999
855,18.823
856,18.846
857,18.870000000000001
858,18.893999999999998
859,18.917000000000002
860,18.940999999999999
861,18.965
862,18.988
863,19.012
864,19.035
865,19.059000000000001
866,19.082999999999998
867,19.106000000000002
868,19.129999999999999
869,19.154
870,19.177
871,19.201000000000001
872,19.224
873,19.248000000000001
874,19.271999999999998
875,19.295000000000002
876,19.318999999999999
877,19.343
878,19.366
879,19.390000000000001
880,19.414000000000001
881,19.437000000000001
882,19.460999999999999
883,19.484999999999999
884,19.507999999999999
885,19.532
886,19.556000000000001
887,19.579000000000001
888,19.603000000000002
889,19.626000000000001
890,19.649999999999999
891,19.673999999999999
892,19.696999999999999
893,19.721
894,19.745000000000001
895,19.768000000000001
896,19.792000000000002
897,19.815999999999999
898,19.838999999999999
899,19.863
900,19.887
901,19.91
902,19.934000000000001
903,19.957999999999998
904,19.981000000000002
905,20.004999999999999
906,20.029
907,20.052
908,20.076000000000001
909,20.100000000000001
910,20.123000000000001
911,20.146999999999998
912,20.170999999999999
913,20.193999999999999
914,20.218
915,20.242000000000001
916,20.265000000000001
917,20.289000000000001
918,20.312999999999999
919,20.335999999999999
920,20.359999999999999
921,20.384
922,20.407
923,20.431000000000001
924,20.454999999999998
925,20.478999999999999
926,20.501999999999999
927,20.526
928,20.550000000000001
929,20.573
930,20.597000000000001
931,20.620999999999999
932,20.643999999999998
933,20.667999999999999
934,20.692
935,20.715
936,20.739000000000001
937,20.763000000000002
938,20.786000000000001
939,20.809999999999999
940,20.834
941,20.856999999999999
942,20.881
943,20.905000000000001
944,20.928999999999998
945,20.952000000000002
946,20.975999999999999
947,21
948,21.023
949,21.047000000000001
950,21.071000000000002
951,21.094000000000001
952,21.117999999999999
953,21.141999999999999
954,21.164999999999999
955,21.189
956,21.213000000000001
957,21.236000000000001
958,21.260000000000002
959,21.283999999999999
960,21.308
961,21.331
962,21.355
963,21.379000000000001
964,21.402000000000001
965,21.425999999999998
966,21.449999999999999
967,21.472999999999999
968,21.497
969,21.521000000000001
970,21.544
971,21.568000000000001
972,21.591999999999999
973,21.616
974,21.638999999999999
975,21.663
976,21.687000000000001
977,21.710000000000001
978,21.734000000000002
979,21.757999999999999
980,21.780999999999999
981,21.805
982,21.829000000000001
983,21.852
984,21.876000000000001
985,21.899999999999999
986,21.923999999999999
987,21.946999999999999
988,21.971
989,21.995000000000001
990,22.018000000000001
991,22.042000000000002
992,22.065999999999999
993,22.088999999999999
994,22.113
995,22.137
996,22.16
997,22.184000000000001
998,22.207999999999998
999,22.231999999999999
1000,22.254999999999999
1001,22.279
1002,22.303000000000001
1003,22.326000000000001
1004,22.350000000000001
1005,22.373999999999999
1006,22.396999999999998
1007,22.420999999999999
1008,22.445
1009,22.468
1010,22.492000000000001
1011,22.515999999999998
1012,22.539999999999999
1013,22.562999999999999
1014,22.587
1015,22.611000000000001
1016,22.634
1017,22.658000000000001
1018,22.681999999999999
1019,22.704999999999998
1020,22.728999999999999
1021,22.753
1022,22.776
1023,22.800000000000001
1024,22.824000000000002
1025,22.847000000000001
1026,22.870999999999999
1027,22.895
1028,22.919
1029,22.942
1030,22.966000000000001
1031,22.989999999999998
1032,23.013000000000002
1033,23.036999999999999
1034,23.061
1035,23.084
1036,23.108000000000001
1037,23.132000000000001
1038,23.155000000000001
1039,23.178999999999998
1040,23.202999999999999
1041,23.225999999999999
1042,23.25
1043,23.274000000000001
1044,23.297000000000001
1045,23.321000000000002
1046,23.344999999999999
1047,23.367999999999999
1048,23.391999999999999
1049,23.416
1050,23.439
1051,23.463000000000001
1052,23.486999999999998
1053,23.510000000000002
1054,23.533999999999999
1055,23.558
1056,23.581
1057,23.605
1058,23.629000000000001
1059,23.652000000000001
1060,23.675999999999998
1061,23.699999999999999
1062,23.722999999999999
1063,23.747
1064,23.771000000000001
1065,23.794
1066,23.818000000000001
1067,23.841999999999999
1068,23.864999999999998
1069,23.888999999999999
1070,23.913
1071,23.936
1072,23.960000000000001
1073,23.984000000000002
1074,24.007000000000001
1075,24.030999999999999
1076,24.055
1077,24.077999999999999
1078,24.102
1079,24.126000000000001
1080,24.149000000000001
1081,24.172999999999998
1082,24.196999999999999
1083,24.219999999999999
1084,24.244
1085,24.266999999999999
1086,24.291
1087,24.315000000000001
1088,24.338000000000001
1089,24.361999999999998
1090,24.385999999999999
1091,24.408999999999999
1092,24.433
1093,24.457000000000001
1094,24.48
1095,24.504000000000001
1096,24.527000000000001
1097,24.550999999999998
1098,24.574999999999999
1099,24.597999999999999
1100,24.622
1101,24.646000000000001
1102,24.669
1103,24.693000000000001
1104,24.716999999999999
1105,24.739999999999998
1106,24.763999999999999
1107,24.786999999999999
1108,24.811
1109,24.835000000000001
1110,24.858000000000001
1111,24.882000000000001
1112,24.905000000000001
1113,24.928999999999998
1114,24.952999999999999
1115,24.975999999999999
1116,25
1117,25.024000000000001
1118,25.047000000000001
1119,25.071000000000002
1120,25.094000000000001
1121,25.117999999999999
1122,25.141999999999999
1123,25.164999999999999
1124,25.189
1125,25.212
1126,25.236000000000001
1127,25.260000000000002
1128,25.283000000000001
1129,25.306999999999999
1130,25.329999999999998
1131,25.353999999999999
1132,25.376999999999999
1133,25.401
1134,25.425000000000001
1135,25.448
1136,25.472000000000001
1137,25.495000000000001
1138,25.518999999999998
1139,25.542999999999999
1140,25.565999999999999
1141,25.59
1142,25.613
1143,25.637
1144,25.66
1145,25.684000000000001
1146,25.707999999999998
1147,25.731000000000002
1148,25.754999999999999
1149,25.777999999999999
1150,25.802
1151,25.824999999999999
1152,25.849
1153,25.873000000000001
1154,25.896000000000001
1155,25.920000000000002
1156,25.943000000000001
1157,25.966999999999999
1158,25.989999999999998
1159,26.013999999999999
1160,26.036999999999999
1161,26.061
1162,26.084
1163,26.108000000000001
1164,26.132000000000001
1165,26.155000000000001
1166,26.178999999999998
1167,26.202000000000002
1168,26.225999999999999
1169,26.248999999999999
1170,26.273
1171,26.295999999999999
1172,26.32
1173,26.343
1174,26.367000000000001
1175,26.390000000000001
1176,26.414000000000001
1177,26.437000000000001
1178,26.460999999999999
1179,26.484000000000002
1180,26.507999999999999
1181,26.532
1182,26.555
1183,26.579000000000001
1184,26.602
1185,26.626000000000001
1186,26.649000000000001
1187,26.672999999999998
1188,26.696000000000002
1189,26.719999999999999
1190,26.742999999999999
1191,26.766999999999999
1192,26.789999999999999
1193,26.814
1194,26.837
1195,26.861000000000001
1196,26.884
1197,26.907
1198,26.931000000000001
1199,26.954000000000001
1200,26.978000000000002
1201,27.001000000000001
1202,27.024999999999999
1203,27.047999999999998
1204,27.071999999999999
1205,27.094999999999999
1206,27.119
1207,27.141999999999999
1208,27.166
1209,27.189
1210,27.213000000000001
1211,27.236000000000001
1212,27.259
1213,27.283000000000001
1214,27.306000000000001
1215,27.329999999999998
1216,27.353000000000002
1217,27.376999999999999
1218,27.399999999999999
1219,27.423999999999999
1220,27.446999999999999
1221,27.471
1222,27.494
1223,27.516999999999999
1224,27.541
1225,27.564
1226,27.588000000000001
1227,27.611000000000001
1228,27.635000000000002
1229,27.658000000000001
1230,27.681000000000001
1231,27.704999999999998
1232,27.728000000000002
1233,27.751999999999999
1234,27.774999999999999
1235,27.797999999999998
1236,27.821999999999999
1237,27.844999999999999
1238,27.869
1239,27.891999999999999
1240,27.914999999999999
1241,27.939
1242,27.962
1243,27.986000000000001
1244,28.009
1245,28.032
1246,28.056000000000001
1247,28.079000000000001
1248,28.103000000000002
1249,28.126000000000001
1250,28.149000000000001
1251,28.172999999999998
1252,28.196000000000002
1253,28.219000000000001
1254,28.242999999999999
1255,28.265999999999998
1256,28.289000000000001
1257,28.312999999999999
1258,28.335999999999999
1259,28.359999999999999
1260,28.382999999999999
1261,28.405999999999999
1262,28.43
1263,28.452999999999999
1264,28.475999999999999
1265,28.5
1266,28.523
1267,28.545999999999999
1268,28.57
1269,28.593
1270,28.616
1271,28.640000000000001
1272,28.663
1273,28.686
1274,28.710000000000001
1275,28.733000000000001
1276,28.756
1277,28.780000000000001
1278,28.803000000000001
1279,28.826000000000001
1280,28.849
1281,28.873000000000001
1282,28.896000000000001
1283,28.919
1284,28.943000000000001
1285,28.966000000000001
1286,28.989000000000001
1287,29.013000000000002
1288,29.036000000000001
1289,29.059000000000001
1290,29.082000000000001
1291,29.106000000000002
1292,29.129000000000001
1293,29.152000000000001
1294,29.175999999999998
1295,29.199000000000002
1296,29.222000000000001
1297,29.245000000000001
1298,29.268999999999998
1299,29.292000000000002
1300,29.315000000000001
1301,29.338000000000001
1302,29.361999999999998
1303,29.385000000000002
1304,29.408000000000001
1305,29.431000000000001
1306,29.454999999999998
1307,29.478000000000002
1308,29.501000000000001
1309,29.524000000000001
1310,29.547999999999998
1311,29.571000000000002
1312,29.594000000000001
1313,29.617000000000001
1314,29.640000000000001
1315,29.664000000000001
1316,29.687000000000001
1317,29.710000000000001
1318,29.733000000000001
1319,29.757000000000001
1320,29.780000000000001
1321,29.803000000000001
1322,29.826000000000001
1323,29.849
1324,29.873000000000001
1325,29.896000000000001
1326,29.919
1327,29.942
1328,29.965
1329,29.989000000000001
1330,30.012
1331,30.035
1332,30.058
1333,30.081
1334,30.103999999999999
1335,30.128
1336,30.151
1337,30.173999999999999
1338,30.196999999999999
1339,30.219999999999999
1340,30.242999999999999
1341,30.266999999999999
1342,30.289999999999999
1343,30.312999999999999
1344,30.335999999999999
1345,30.359000000000002
1346,30.382000000000001
1347,30.405000000000001
1348,30.428999999999998
1349,30.452000000000002
1350,30.475000000000001
1351,30.498000000000001
1352,30.521000000000001
1353,30.544
1354,30.567
1355,30.59
1356,30.613
1357,30.637
1358,30.66
1359,30.683
1360,30.706
1361,30.728999999999999
1362,30.751999999999999
1363,30.774999999999999
1364,30.797999999999998
1365,30.821000000000002
1366,30.844000000000001
1367,30.867999999999999
1368,30.890999999999998
1369,30.914000000000001
1370,30.937000000000001
1371,30.960000000000001
1372,30.983000000000001
1373,31.006
1374,31.029
1375,31.052
1376,31.074999999999999
1377,31.097999999999999
1378,31.120999999999999
1379,31.143999999999998
1380,31.167000000000002
1381,31.190000000000001
1382,31.213000000000001
1383,31.236000000000001
1384,31.260000000000002
1385,31.283000000000001
1386,31.306000000000001
1387,31.329000000000001
1388,31.352
1389,31.375
1390,31.398
1391,31.420999999999999
1392,31.443999999999999
1393,31.466999999999999
1394,31.489999999999998
1395,31.513000000000002
1396,31.536000000000001
1397,31.559000000000001
1398,31.582000000000001
1399,31.605
1400,31.628
1401,31.651
1402,31.673999999999999
1403,31.696999999999999
1404,31.719999999999999
1405,31.742999999999999
1406,31.765999999999998
1407,31.789000000000001
1408,31.812000000000001
1409,31.834
1410,31.856999999999999
1411,31.879999999999999
1412,31.902999999999999
1413,31.925999999999998
1414,31.949000000000002
1415,31.972000000000001
1416,31.995000000000001
1417,32.018000000000001
1418,32.040999999999997
1419,32.064
1420,32.087000000000003
1421,32.109999999999999
1422,32.133000000000003
1423,32.155999999999999
1424,32.179000000000002
1425,32.201999999999998
1426,32.223999999999997
1427,32.247
1428,32.270000000000003
1429,32.292999999999999
1430,32.316000000000003
1431,32.338999999999999
1432,32.362000000000002
1433,32.384999999999998
1434,32.408000000000001
1435,32.430999999999997
1436,32.453000000000003
1437,32.475999999999999
1438,32.499000000000002
1439,32.521999999999998
1440,32.545000000000002
1441,32.567999999999998
1442,32.591000000000001
1443,32.613999999999997
1444,32.636000000000003
1445,32.658999999999999
1446,32.682000000000002
1447,32.704999999999998
1448,32.728000000000002
1449,32.750999999999998
1450,32.774000000000001
1451,32.795999999999999
1452,32.819000000000003
1453,32.841999999999999
1454,32.865000000000002
1455,32.887999999999998
1456,32.911000000000001
1457,32.933
1458,32.956000000000003
1459,32.978999999999999
1460,33.002000000000002
1461,33.024999999999999
1462,33.046999999999997
1463,33.07
1464,33.093000000000004
1465,33.116
1466,33.139000000000003
1467,33.161000000000001
1468,33.183999999999997
1469,33.207000000000001
1470,33.229999999999997
1471,33.253
1472,33.274999999999999
1473,33.298000000000002
1474,33.320999999999998
1475,33.344000000000001
1476,33.366
1477,33.389000000000003
1478,33.411999999999999
1479,33.435000000000002
1480,33.457999999999998
1481,33.479999999999997
1482,33.503
1483,33.526000000000003
1484,33.548000000000002
1485,33.570999999999998
1486,33.594000000000001
1487,33.616999999999997
1488,33.639000000000003
1489,33.661999999999999
1490,33.685000000000002
1491,33.707999999999998
1492,33.729999999999997
1493,33.753
1494,33.776000000000003
1495,33.798000000000002
1496,33.820999999999998
1497,33.844000000000001
1498,33.866999999999997
1499,33.889000000000003
1500,33.911999999999999
1501,33.935000000000002
1502,33.957000000000001
1503,33.979999999999997
1504,34.003
1505,34.024999999999999
1506,34.048000000000002
1507,34.070999999999998
1508,34.093000000000004
1509,34.116
1510,34.139000000000003
1511,34.161000000000001
1512,34.183999999999997
1513,34.207000000000001
1514,34.228999999999999
1515,34.252000000000002
1516,34.274999999999999
1517,34.296999999999997
1518,34.32
1519,34.343000000000004
1520,34.365000000000002
1521,34.387999999999998
1522,34.409999999999997
1523,34.433
1524,34.456000000000003
1525,34.478000000000002
1526,34.500999999999998
1527,34.524000000000001
1528,34.545999999999999
1529,34.569000000000003
1530,34.591000000000001
1531,34.613999999999997
1532,34.637
1533,34.658999999999999
1534,34.682000000000002
1535,34.704000000000001
1536,34.726999999999997
1537,34.75
1538,34.771999999999998
1539,34.795000000000002
1540,34.817
1541,34.840000000000003
1542,34.862000000000002
1543,34.884999999999998
1544,34.908000000000001
1545,34.93
1546,34.953000000000003
1547,34.975000000000001
1548,34.997999999999998
1549,35.020000000000003
1550,35.042999999999999
1551,35.064999999999998
1552,35.088000000000001
1553,35.109999999999999
1554,35.133000000000003
1555,35.155999999999999
1556,35.177999999999997
1557,35.201000000000001
1558,35.222999999999999
1559,35.246000000000002
1560,35.268000000000001
1561,35.290999999999997
1562,35.313000000000002
1563,35.335999999999999
1564,35.357999999999997
1565,35.381
1566,35.402999999999999
1567,35.426000000000002
1568,35.448
1569,35.470999999999997
1570,35.493000000000002
1571,35.515999999999998
1572,35.537999999999997
1573,35.560000000000002
1574,35.582999999999998
1575,35.604999999999997
1576,35.628
1577,35.649999999999999
1578,35.673000000000002
1579,35.695
1580,35.718000000000004
1581,35.740000000000002
1582,35.762999999999998
1583,35.784999999999997
1584,35.807000000000002
1585,35.829999999999998
1586,35.851999999999997
1587,35.875
1588,35.896999999999998
1589,35.920000000000002
1590,35.942
1591,35.963999999999999
1592,35.987000000000002
1593,36.009
1594,36.031999999999996
1595,36.054000000000002
1596,36.076000000000001
1597,36.098999999999997
1598,36.121000000000002
1599,36.143999999999998
1600,36.165999999999997
1601,36.188000000000002
1602,36.210999999999999
1603,36.232999999999997
1604,36.256
1605,36.277999999999999
1606,36.299999999999997
1607,36.323
1608,36.344999999999999
1609,36.366999999999997
1610,36.390000000000001
1611,36.411999999999999
1612,36.433999999999997
1613,36.457000000000001
1614,36.478999999999999
1615,36.500999999999998
1616,36.524000000000001
1617,36.545999999999999
1618,36.567999999999998
1619,36.591000000000001
1620,36.613
1621,36.634999999999998
1622,36.658000000000001
1623,36.68
1624,36.701999999999998
1625,36.725000000000001
1626,36.747
1627,36.768999999999998
1628,36.792000000000002
1629,36.814
1630,36.835999999999999
1631,36.859000000000002
1632,36.881
1633,36.902999999999999
1634,36.924999999999997
1635,36.948
1636,36.969999999999999
1637,36.991999999999997
1638,37.014000000000003
1639,37.036999999999999
1640,37.058999999999997
1641,37.081000000000003
1642,37.103999999999999
1643,37.125999999999998
1644,37.148000000000003
1645,37.170000000000002
1646,37.192999999999998
1647,37.215000000000003
1648,37.237000000000002
1649,37.259
1650,37.280999999999999
1651,37.304000000000002
1652,37.326000000000001
1653,37.347999999999999
1654,37.369999999999997
1655,37.393000000000001
1656,37.414999999999999
1657,37.436999999999998
1658,37.459000000000003
1659,37.481000000000002
1660,37.503999999999998
1661,37.526000000000003
1662,37.548000000000002
1663,37.57
1664,37.591999999999999
1665,37.615000000000002
1666,37.637
1667,37.658999999999999
1668,37.680999999999997
1669,37.703000000000003
1670,37.725000000000001
1671,37.747999999999998
1672,37.770000000000003
1673,37.792000000000002
1674,37.814
1675,37.835999999999999
1676,37.857999999999997
1677,37.881
1678,37.902999999999999
1679,37.924999999999997
1680,37.947000000000003
1681,37.969000000000001
1682,37.991
1683,38.012999999999998
1684,38.036000000000001
1685,38.058
1686,38.079999999999998
1687,38.101999999999997
1688,38.124000000000002
1689,38.146000000000001
1690,38.167999999999999
1691,38.189999999999998
1692,38.212000000000003
1693,38.234999999999999
1694,38.256999999999998
1695,38.279000000000003
1696,38.301000000000002
1697,38.323
1698,38.344999999999999
1699,38.366999999999997
1700,38.389000000000003
1701,38.411000000000001
1702,38.433
1703,38.454999999999998
1704,38.476999999999997
1705,38.499000000000002
1706,38.521999999999998
1707,38.543999999999997
1708,38.566000000000003
1709,38.588000000000001
1710,38.609999999999999
1711,38.631999999999998
1712,38.654000000000003
1713,38.676000000000002
1714,38.698
1715,38.719999999999999
1716,38.741999999999997
1717,38.764000000000003
1718,38.786000000000001
1719,38.808
1720,38.829999999999998
1721,38.851999999999997
1722,38.874000000000002
1723,38.896000000000001
1724,38.917999999999999
1725,38.939999999999998
1726,38.962000000000003
1727,38.984000000000002
1728,39.006
1729,39.027999999999999
1730,39.049999999999997
1731,39.072000000000003
1732,39.094000000000001
1733,39.116
1734,39.137999999999998
1735,39.159999999999997
1736,39.182000000000002
1737,39.204000000000001
1738,39.225999999999999
1739,39.247999999999998
1740,39.270000000000003
1741,39.292000000000002
1742,39.314
1743,39.335000000000001
1744,39.356999999999999
1745,39.378999999999998
1746,39.401000000000003
1747,39.423000000000002
1748,39.445
1749,39.466999999999999
1750,39.488999999999997
1751,39.511000000000003
1752,39.533000000000001
1753,39.555
1754,39.576999999999998
1755,39.598999999999997
1756,39.619999999999997
1757,39.642000000000003
1758,39.664000000000001
1759,39.686
1760,39.707999999999998
1761,39.729999999999997
1762,39.752000000000002
1763,39.774000000000001
1764,39.795999999999999
1765,39.817
1766,39.838999999999999
1767,39.860999999999997
1768,39.883000000000003
1769,39.905000000000001
1770,39.927
1771,39.948999999999998
1772,39.969999999999999
1773,39.991999999999997
1774,40.014000000000003
1775,40.036000000000001
1776,40.058
1777,40.079999999999998
1778,40.100999999999999
1779,40.122999999999998
1780,40.145000000000003
1781,40.167000000000002
1782,40.189
1783,40.210999999999999
1784,40.231999999999999
1785,40.253999999999998
1786,40.276000000000003
1787,40.298000000000002
1788,40.32
1789,40.341000000000001
1790,40.363
1791,40.384999999999998
1792,40.406999999999996
1793,40.429000000000002
1794,40.450000000000003
1795,40.472000000000001
1796,40.494
1797,40.515999999999998
1798,40.536999999999999
1799,40.558999999999997
1800,40.581000000000003
1801,40.603000000000002
1802,40.624000000000002
1803,40.646000000000001
1804,40.667999999999999
1805,40.689999999999998
1806,40.710999999999999
1807,40.732999999999997
1808,40.755000000000003
1809,40.777000000000001
1810,40.798000000000002
1811,40.82
1812,40.841999999999999
1813,40.863999999999997
1814,40.884999999999998
1815,40.906999999999996
1816,40.929000000000002
1817,40.950000000000003
1818,40.972000000000001
1819,40.994
1820,41.015000000000001
1821,41.036999999999999
1822,41.058999999999997
1823,41.081000000000003
1824,41.101999999999997
1825,41.124000000000002
1826,41.146000000000001
1827,41.167000000000002
1828,41.189
1829,41.210999999999999
1830,41.231999999999999
1831,41.253999999999998
1832,41.276000000000003
1833,41.296999999999997
1834,41.319000000000003
1835,41.341000000000001
1836,41.362000000000002
1837,41.384
1838,41.405000000000001
1839,41.427
1840,41.448999999999998
1841,41.469999999999999
1842,41.491999999999997
1843,41.514000000000003
1844,41.534999999999997
1845,41.557000000000002
1846,41.578000000000003
1847,41.600000000000001
1848,41.622
1849,41.643000000000001
1850,41.664999999999999
1851,41.686
1852,41.707999999999998
1853,41.729999999999997
1854,41.750999999999998
1855,41.773000000000003
1856,41.793999999999997
1857,41.816000000000003
1858,41.838000000000001
1859,41.859000000000002
1860,41.881
1861,41.902000000000001
1862,41.923999999999999
1863,41.945
1864,41.966999999999999
1865,41.988
1866,42.009999999999998
1867,42.031999999999996
1868,42.052999999999997
1869,42.075000000000003
1870,42.095999999999997
1871,42.118000000000002
1872,42.139000000000003
1873,42.161000000000001
1874,42.182000000000002
1875,42.204000000000001
1876,42.225000000000001
1877,42.247
1878,42.268000000000001
1879,42.289999999999999
1880,42.311
1881,42.332999999999998
1882,42.353999999999999
1883,42.375999999999998
1884,42.396999999999998
1885,42.418999999999997
1886,42.439999999999998
1887,42.462000000000003
1888,42.482999999999997
1889,42.505000000000003
1890,42.526000000000003
1891,42.548000000000002
1892,42.569000000000003
1893,42.591000000000001
1894,42.612000000000002
1895,42.633000000000003
1896,42.655000000000001
1897,42.676000000000002
1898,42.698
1899,42.719000000000001
1900,42.741
1901,42.762
1902,42.783000000000001
1903,42.805
1904,42.826000000000001
1905,42.847999999999999
1906,42.869
1907,42.890999999999998
1908,42.911999999999999
1909,42.933
1910,42.954999999999998
1911,42.975999999999999
1912,42.997999999999998
1913,43.018999999999998
1914,43.039999999999999
1915,43.061999999999998
1916,43.082999999999998
1917,43.103999999999999
1918,43.125999999999998
1919,43.146999999999998
1920,43.168999999999997
1921,43.189999999999998
1922,43.210999999999999
1923,43.232999999999997
1924,43.253999999999998
1925,43.274999999999999
1926,43.296999999999997
1927,43.317999999999998
1928,43.338999999999999
1929,43.360999999999997
1930,43.381999999999998
1931,43.402999999999999
1932,43.424999999999997
1933,43.445999999999998
1934,43.466999999999999
1935,43.488999999999997
1936,43.509999999999998
1937,43.530999999999999
1938,43.552
1939,43.573999999999998
1940,43.594999999999999
1941,43.616
1942,43.637999999999998
1943,43.658999999999999
1944,43.68
1945,43.701000000000001
1946,43.722999999999999
1947,43.744
1948,43.765000000000001
1949,43.786999999999999
1950,43.808
1951,43.829000000000001
1952,43.850000000000001
1953,43.872
1954,43.893000000000001
1955,43.914000000000001
1956,43.935000000000002
1957,43.957000000000001
1958,43.978000000000002
1959,43.999000000000002
1960,44.020000000000003
1961,44.040999999999997
1962,44.063000000000002
1963,44.084000000000003
1964,44.104999999999997
1965,44.125999999999998
1966,44.146999999999998
1967,44.168999999999997
1968,44.189999999999998
1969,44.210999999999999
1970,44.231999999999999
1971,44.253
1972,44.274999999999999
1973,44.295999999999999
1974,44.317
1975,44.338000000000001
1976,44.359000000000002
1977,44.380000000000003
1978,44.402000000000001
1979,44.423000000000002
1980,44.444000000000003
1981,44.465000000000003
1982,44.485999999999997
1983,44.506999999999998
1984,44.527999999999999
1985,44.549999999999997
1986,44.570999999999998
1987,44.591999999999999
1988,44.613
1989,44.634
1990,44.655000000000001
1991,44.676000000000002
1992,44.697000000000003
1993,44.719000000000001
1994,44.740000000000002
1995,44.761000000000003
1996,44.781999999999996
1997,44.802999999999997
1998,44.823999999999998
1999,44.844999999999999
2000,44.866
2001,44.887
2002,44.908000000000001
2003,44.929000000000002
2004,44.950000000000003
2005,44.970999999999997
2006,44.991999999999997
2007,45.014000000000003
2008,45.034999999999997
2009,45.055999999999997
2010,45.076999999999998
2011,45.097999999999999
2012,45.119
2013,45.140000000000001
2014,45.161000000000001
2015,45.182000000000002
2016,45.203000000000003
2017,45.223999999999997
2018,45.244999999999997
2019,45.265999999999998
2020,45.286999999999999
2021,45.308
2022,45.329000000000001
2023,45.350000000000001
2024,45.371000000000002
2025,45.392000000000003
2026,45.412999999999997
2027,45.433999999999997
2028,45.454999999999998
2029,45.475999999999999
2030,45.497
2031,45.518000000000001
2032,45.539000000000001
2033,45.560000000000002
2034,45.579999999999998
2035,45.600999999999999
2036,45.622
2037,45.643000000000001
2038,45.664000000000001
2039,45.685000000000002
2040,45.706000000000003
2041,45.726999999999997
2042,45.747999999999998
2043,45.768999999999998
2044,45.789999999999999
2045,45.811
2046,45.832000000000001
2047,45.851999999999997
2048,45.872999999999998
2049,45.893999999999998
2050,45.914999999999999
2051,45.936
2052,45.957000000000001
2053,45.978000000000002
2054,45.999000000000002
2055,46.018999999999998
2056,46.039999999999999
2057,46.061
2058,46.082000000000001
2059,46.103000000000002
2060,46.124000000000002
2061,46.145000000000003
2062,46.164999999999999
2063,46.186
2064,46.207000000000001
2065,46.228000000000002
2066,46.249000000000002
2067,46.268999999999998
2068,46.289999999999999
2069,46.311
2070,46.332000000000001
2071,46.353000000000002
2072,46.372999999999998
2073,46.393999999999998
2074,46.414999999999999
2075,46.436
2076,46.457000000000001
2077,46.476999999999997
2078,46.497999999999998
2079,46.518999999999998
2080,46.539999999999999
2081,46.560000000000002
2082,46.581000000000003
2083,46.601999999999997
2084,46.622999999999998
2085,46.643000000000001
2086,46.664000000000001
2087,46.685000000000002
2088,46.706000000000003
2089,46.725999999999999
2090,46.747
2091,46.768000000000001
2092,46.789000000000001
2093,46.808999999999997
2094,46.829999999999998
2095,46.850999999999999
2096,46.871000000000002
2097,46.892000000000003
2098,46.912999999999997
2099,46.933
2100,46.954000000000001
2101,46.975000000000001
2102,46.994999999999997
2103,47.015999999999998
2104,47.036999999999999
2105,47.057000000000002
2106,47.078000000000003
2107,47.098999999999997
2108,47.119
2109,47.140000000000001
2110,47.161000000000001
2111,47.180999999999997
2112,47.201999999999998
2113,47.222999999999999
2114,47.243000000000002
2115,47.264000000000003
2116,47.283999999999999
2117,47.305
2118,47.326000000000001
2119,47.345999999999997
2120,47.366999999999997
2121,47.387
2122,47.408000000000001
2123,47.429000000000002
2124,47.448999999999998
2125,47.469999999999999
2126,47.490000000000002
2127,47.511000000000003
2128,47.530999999999999
2129,47.552
2130,47.573
2131,47.593000000000004
2132,47.613999999999997
2133,47.634
2134,47.655000000000001
2135,47.674999999999997
2136,47.695999999999998
2137,47.716000000000001
2138,47.737000000000002
2139,47.756999999999998
2140,47.777999999999999
2141,47.798000000000002
2142,47.819000000000003
2143,47.838999999999999
2144,47.859999999999999
2145,47.880000000000003
2146,47.901000000000003
2147,47.920999999999999
2148,47.942
2149,47.962000000000003
2150,47.982999999999997
2151,48.003
2152,48.024000000000001
2153,48.043999999999997
2154,48.064999999999998
2155,48.085000000000001
2156,48.104999999999997
2157,48.125999999999998
2158,48.146000000000001
2159,48.167000000000002
2160,48.186999999999998
2161,48.207999999999998
2162,48.228000000000002
2163,48.247999999999998
2164,48.268999999999998
2165,48.289000000000001
2166,48.310000000000002
2167,48.329999999999998
2168,48.350000000000001
2169,48.371000000000002
2170,48.390999999999998
2171,48.411000000000001
2172,48.432000000000002
2173,48.451999999999998
2174,48.472999999999999
2175,48.493000000000002
2176,48.512999999999998
2177,48.533999999999999
2178,48.554000000000002
2179,48.573999999999998
2180,48.594999999999999
2181,48.615000000000002
2182,48.634999999999998
2183,48.655999999999999
2184,48.676000000000002
2185,48.695999999999998
2186,48.716999999999999
2187,48.737000000000002
2188,48.756999999999998
2189,48.777000000000001
2190,48.798000000000002
2191,48.817999999999998
2192,48.838000000000001
2193,48.859000000000002
2194,48.878999999999998
2195,48.899000000000001
2196,48.918999999999997
2197,48.939999999999998
2198,48.960000000000001
2199,48.979999999999997
2200,49
2201,49.021000000000001
2202,49.040999999999997
2203,49.061
2204,49.081000000000003
2205,49.100999999999999
2206,49.122
2207,49.142000000000003
2208,49.161999999999999
2209,49.182000000000002
2210,49.201999999999998
2211,49.222999999999999
2212,49.243000000000002
2213,49.262999999999998
2214,49.283000000000001
2215,49.302999999999997
2216,49.323
2217,49.344000000000001
2218,49.363999999999997
2219,49.384
2220,49.404000000000003
2221,49.423999999999999
2222,49.444000000000003
2223,49.465000000000003
2224,49.484999999999999
2225,49.505000000000003
2226,49.524999999999999
2227,49.545000000000002
2228,49.564999999999998
2229,49.585000000000001
2230,49.604999999999997
2231,49.625
2232,49.645000000000003
2233,49.665999999999997
2234,49.686
2235,49.706000000000003
2236,49.725999999999999
2237,49.746000000000002
2238,49.765999999999998
2239,49.786000000000001
2240,49.805999999999997
2241,49.826000000000001
2242,49.845999999999997
2243,49.866
2244,49.886000000000003
2245,49.905999999999999
2246,49.926000000000002
2247,49.945999999999998
2248,49.966000000000001
2249,49.985999999999997
2250,50.006
2251,50.026000000000003
2252,50.045999999999999
2253,50.066000000000003
2254,50.085999999999999
2255,50.106000000000002
2256,50.125999999999998
2257,50.146000000000001
2258,50.165999999999997
2259,50.186
2260,50.206000000000003
2261,50.225999999999999
2262,50.246000000000002
2263,50.265999999999998
2264,50.286000000000001
2265,50.305999999999997
2266,50.326000000000001
2267,50.345999999999997
2268,50.366
2269,50.384999999999998
2270,50.405000000000001
2271,50.424999999999997
2272,50.445
2273,50.465000000000003
2274,50.484999999999999
2275,50.505000000000003
2276,50.524999999999999
2277,50.545000000000002
2278,50.564
2279,50.584000000000003
2280,50.603999999999999
2281,50.624000000000002
2282,50.643999999999998
2283,50.664000000000001
2284,50.683999999999997
2285,50.703000000000003
2286,50.722999999999999
2287,50.743000000000002
2288,50.762999999999998
2289,50.783000000000001
2290,50.802
2291,50.822000000000003
2292,50.841999999999999
2293,50.862000000000002
2294,50.881999999999998
2295,50.901000000000003
2296,50.920999999999999
2297,50.941000000000003
2298,50.960999999999999
2299,50.981000000000002
2300,51
2301,51.020000000000003
2302,51.039999999999999
2303,51.060000000000002
2304,51.079000000000001
2305,51.098999999999997
2306,51.119
2307,51.139000000000003
2308,51.158000000000001
2309,51.177999999999997
2310,51.198
2311,51.216999999999999
2312,51.237000000000002
2313,51.256999999999998
2314,51.276000000000003
2315,51.295999999999999
2316,51.316000000000003
2317,51.335999999999999
2318,51.354999999999997
2319,51.375
2320,51.395000000000003
2321,51.414000000000001
2322,51.433999999999997
2323,51.453000000000003
2324,51.472999999999999
2325,51.493000000000002
2326,51.512
2327,51.531999999999996
2328,51.552
2329,51.570999999999998
2330,51.591000000000001
2331,51.610999999999997
2332,51.630000000000003
2333,51.649999999999999
2334,51.668999999999997
2335,51.689
2336,51.707999999999998
2337,51.728000000000002
2338,51.747999999999998
2339,51.767000000000003
2340,51.786999999999999
2341,51.805999999999997
2342,51.826000000000001
2343,51.844999999999999
2344,51.865000000000002
2345,51.884999999999998
2346,51.904000000000003
2347,51.923999999999999
2348,51.942999999999998
2349,51.963000000000001
2350,51.981999999999999
2351,52.002000000000002
2352,52.021000000000001
2353,52.040999999999997
2354,52.060000000000002
2355,52.079999999999998
2356,52.098999999999997
2357,52.119
2358,52.137999999999998
2359,52.158000000000001
2360,52.177
2361,52.197000000000003
2362,52.216000000000001
2363,52.234999999999999
2364,52.255000000000003
2365,52.274000000000001
2366,52.293999999999997
2367,52.313000000000002
2368,52.332999999999998
2369,52.351999999999997
2370,52.371000000000002
2371,52.390999999999998
2372,52.409999999999997
2373,52.43
2374,52.448999999999998
2375,52.468000000000004
2376,52.488
2377,52.506999999999998
2378,52.527000000000001
2379,52.545999999999999
2380,52.564999999999998
2381,52.585000000000001
2382,52.603999999999999
2383,52.622999999999998
2384,52.643000000000001
2385,52.661999999999999
2386,52.680999999999997
2387,52.701000000000001
2388,52.719999999999999
2389,52.738999999999997
2390,52.759
2391,52.777999999999999
2392,52.796999999999997
2393,52.817
2394,52.835999999999999
2395,52.854999999999997
2396,52.875
2397,52.893999999999998
2398,52.912999999999997
2399,52.932000000000002
2400,52.951999999999998
2401,52.970999999999997
2402,52.990000000000002
2403,53.009999999999998
2404,53.029000000000003
2405,53.048000000000002
2406,53.067
2407,53.087000000000003
2408,53.106000000000002
2409,53.125
2410,53.143999999999998
2411,53.162999999999997
2412,53.183
2413,53.201999999999998
2414,53.220999999999997
2415,53.240000000000002
2416,53.259999999999998
2417,53.279000000000003
2418,53.298000000000002
2419,53.317
2420,53.335999999999999
2421,53.354999999999997
2422,53.375
2423,53.393999999999998
2424,53.412999999999997
2425,53.432000000000002
2426,53.451000000000001
2427,53.469999999999999
2428,53.490000000000002
2429,53.509
2430,53.527999999999999
2431,53.546999999999997
2432,53.566000000000003
2433,53.585000000000001
2434,53.603999999999999
2435,53.622999999999998
2436,53.643000000000001
2437,53.661999999999999
2438,53.680999999999997
2439,53.700000000000003
2440,53.719000000000001
2441,53.738
2442,53.756999999999998
2443,53.776000000000003
2444,53.795000000000002
2445,53.814
2446,53.832999999999998
2447,53.851999999999997
2448,53.871000000000002
2449,53.890000000000001
2450,53.909999999999997
2451,53.929000000000002
2452,53.948
2453,53.966999999999999
2454,53.985999999999997
2455,54.005000000000003
2456,54.024000000000001
2457,54.042999999999999
2458,54.061999999999998
2459,54.081000000000003
2460,54.100000000000001
2461,54.119
2462,54.137999999999998
2463,54.156999999999996
2464,54.176000000000002
2465,54.195
2466,54.213999999999999
2467,54.232999999999997
2468,54.252000000000002
2469,54.271000000000001
2470,54.289000000000001
2471,54.308
2472,54.326999999999998
2473,54.345999999999997
2474,54.365000000000002
2475,54.384
2476,54.402999999999999
2477,54.421999999999997
2478,54.441000000000003
2479,54.460000000000001
2480,54.478999999999999
2481,54.497999999999998
2482,54.517000000000003
2483,54.536000000000001
2484,54.554000000000002
2485,54.573
2486,54.591999999999999
2487,54.610999999999997
2488,54.630000000000003
2489,54.649000000000001
2490,54.667999999999999
2491,54.686999999999998
2492,54.704999999999998
2493,54.723999999999997
2494,54.743000000000002
2495,54.762
2496,54.780999999999999
2497,54.799999999999997
2498,54.819000000000003
2499,54.837000000000003
2500,54.856000000000002
2501,54.875
2502,54.893999999999998
